"id","artist","song","title","slug","url","issue","detail"
"4667","JISOO","& ZAYN EYES CLOSED","JISOO & ZAYN EYES CLOSED Türkçe Çeviri","jisoo-zayn-eyes-closed-turkce-ceviri","https://www.acupoflyrics.com/jisoo-zayn-eyes-closed-turkce-ceviri/","youtube_missing","youtubeUrl alanı boş"
"4657","Stray Kids","BLEEP","Stray Kids BLEEP Türkçe Çeviri","stray-kids-bleep-turkce-ceviri","https://www.acupoflyrics.com/stray-kids-bleep-turkce-ceviri/","youtube_missing","youtubeUrl alanı boş"
"4649","Stray Kids","CEREMONY","Stray Kids CEREMONY Türkçe Çeviri","stray-kids-ceremony-turkce-ceviri","https://www.acupoflyrics.com/stray-kids-ceremony-turkce-ceviri/","youtube_missing","youtubeUrl alanı boş"
"4643","TWICE","MARS","TWICE MARS Türkçe Çeviri","twice-mars-turkce-ceviri","https://www.acupoflyrics.com/twice-mars-turkce-ceviri/","youtube_missing","youtubeUrl alanı boş"
"4639","TWICE","OPTIONS","TWICE OPTIONS Türkçe Çeviri","twice-options-turkce-ceviri","https://www.acupoflyrics.com/twice-options-turkce-ceviri/","youtube_missing","youtubeUrl alanı boş"
"4633","TWICE","FOUR","TWICE FOUR Türkçe Çeviri","twice-four-turkce-ceviri","https://www.acupoflyrics.com/twice-four-turkce-ceviri/","youtube_missing","youtubeUrl alanı boş"
"4627","ATEEZ","In Your Fantasy","ATEEZ In Your Fantasy Türkçe Çeviri","ateez-in-your-fantasy-turkce-ceviri","https://www.acupoflyrics.com/ateez-in-your-fantasy-turkce-ceviri/","youtube_missing","youtubeUrl alanı boş"
"4620","TWICE","THIS IS FOR","TWICE THIS IS FOR Türkçe Çeviri","twice-this-is-for-turkce-ceviri","https://www.acupoflyrics.com/twice-this-is-for-turkce-ceviri/","youtube_missing","youtubeUrl alanı boş"
"4601","KATSEYE","Gameboy","KATSEYE Gameboy Türkçe Çeviri","katseye-gameboy-turkce-ceviri","https://www.acupoflyrics.com/katseye-gameboy-turkce-ceviri/","youtube_missing","youtubeUrl alanı boş"
"4595","Aespa","Dirty Work","AESPA - Dirty Work Türkçe Çeviri","aespa-dirty-work-turkce-ceviri","https://www.acupoflyrics.com/aespa-dirty-work-turkce-ceviri/","youtube_missing","youtubeUrl alanı boş"
"4587","Alex Warren"," & ROSÉ - On My Mind","Alex Warren & ROSÉ - On My Mind Türkçe Çeviri","alex-warren-rose-on-my-mind-turkce-ceviri","https://www.acupoflyrics.com/alex-warren-rose-on-my-mind-turkce-ceviri/","youtube_missing","youtubeUrl alanı boş"
"4571","ALLDAY PROJECT","FAMOUS","ALLDAY PROJECT FAMOUS Türkçe Çeviri","allday-project-famous-turkce-ceviri","https://www.acupoflyrics.com/allday-project-famous-turkce-ceviri/","youtube_missing","youtubeUrl alanı boş"
"4565","ATEEZ","Lemon Drop","ATEEZ Lemon Drop Türkçe Çeviri","ateez-lemon-drop-turkce-ceviri","https://www.acupoflyrics.com/ateez-lemon-drop-turkce-ceviri/","youtube_missing","youtubeUrl alanı boş"
"4558","J-HOPE","J HOPE GloRilla Killin It Girl","J HOPE GloRilla Killin It Girl Türkçe Çeviri","j-hope-glorilla-killin-it-girl-turkce-ceviri","https://www.acupoflyrics.com/j-hope-glorilla-killin-it-girl-turkce-ceviri/","youtube_missing","youtubeUrl alanı boş"
"4552","Tate Mcrae","Just Keep Watching","Tate McRae Just Keep Watching Türkçe Çeviri","tate-mcrae-just-keep-watching-turkce-ceviri","https://www.acupoflyrics.com/tate-mcrae-just-keep-watching-turkce-ceviri/","youtube_missing","youtubeUrl alanı boş"
"4548","JIN","To Me Today","Jin To Me Today Türkçe Çeviri","jin-to-me-today-turkce-ceviri","https://www.acupoflyrics.com/jin-to-me-today-turkce-ceviri/","youtube_missing","youtubeUrl alanı boş"
"4544","JIN","Background","Jin Background Türkçe Çeviri","jin-background-turkce-ceviri","https://www.acupoflyrics.com/jin-background-turkce-ceviri/","youtube_missing","youtubeUrl alanı boş"
"4540","JIN","With the Clouds","Jin With the Clouds Türkçe Çeviri","jin-with-the-clouds-turkce-ceviri","https://www.acupoflyrics.com/jin-with-the-clouds-turkce-ceviri/","youtube_missing","youtubeUrl alanı boş"
"4535","JIN","Rope It","Jin Rope It Türkçe Çeviri","jin-rope-it-turkce-ceviri","https://www.acupoflyrics.com/jin-rope-it-turkce-ceviri/","youtube_missing","youtubeUrl alanı boş"
"4525","SEVENTEEN","THUNDER","SEVENTEEN THUNDER Türkçe Çeviri","seventeen-thunder-turkce-ceviri","https://www.acupoflyrics.com/seventeen-thunder-turkce-ceviri/","youtube_missing","youtubeUrl alanı boş"
"4520","JIN","ft YENA Loser","Jin ft YENA Loser Türkçe Çeviri","jin-ft-yena-loser-turkce-ceviri","https://www.acupoflyrics.com/jin-ft-yena-loser-turkce-ceviri/","youtube_missing","youtubeUrl alanı boş"
"4515","JIN","Nothing Without Your Love","Jin Nothing Without Your Love Türkçe Çeviri","jin-nothing-without-your-love-turkce-ceviri","https://www.acupoflyrics.com/jin-nothing-without-your-love-turkce-ceviri/","youtube_missing","youtubeUrl alanı boş"
"4510","JIN","Don't Say You Love Me","Jin Don't Say You Love Me Türkçe Çeviri","jin-dont-say-you-love-me-turkce-ceviri","https://www.acupoflyrics.com/jin-dont-say-you-love-me-turkce-ceviri/","youtube_missing","youtubeUrl alanı boş"
"4496","ROSÉ","Messy","ROSÉ Messy Türkçe Çeviri","rose-messy-turkce-ceviri","https://www.acupoflyrics.com/rose-messy-turkce-ceviri/","youtube_missing","youtubeUrl alanı boş"
"4489","KATSEYE","Gnarly","KATSEYE Gnarly Türkçe Çeviri","katseye-gnarly-turkce-ceviri","https://www.acupoflyrics.com/katseye-gnarly-turkce-ceviri/","youtube_missing","youtubeUrl alanı boş"
"4483","TOMORROW X TOGETHER","TXT Love Language","TXT Love Language Türkçe Çeviri","txt-love-language-turkce-ceviri","https://www.acupoflyrics.com/txt-love-language-turkce-ceviri/","youtube_missing","youtubeUrl alanı boş"
"4477","Selena Gomez","& benny blanco Talk","Selena Gomez & benny blanco Talk Türkçe Çeviri","selena-gomez-benny-blanco-talk-turkce-ceviri","https://www.acupoflyrics.com/selena-gomez-benny-blanco-talk-turkce-ceviri/","youtube_missing","youtubeUrl alanı boş"
"4470","TABLO","& RM Stop The Rain","TABLO & RM Stop The Rain Türkçe Çeviri","tablo-rm-stop-the-rain-turkce-ceviri","https://www.acupoflyrics.com/tablo-rm-stop-the-rain-turkce-ceviri/","youtube_missing","youtubeUrl alanı boş"
"4464","Maroon 5","LISA Priceless","Maroon 5 LISA Priceless Türkçe Çeviri","maroon-5-lisa-priceless-turkce-ceviri","https://www.acupoflyrics.com/maroon-5-lisa-priceless-turkce-ceviri/","youtube_missing","youtubeUrl alanı boş"
"4451","KAI","Wait On Me","KAI Wait On Me Türkçe Çeviri","kai-wait-on-me-turkce-ceviri","https://www.acupoflyrics.com/kai-wait-on-me-turkce-ceviri/","youtube_missing","youtubeUrl alanı boş"
"4444","MEOVV","HANDS UP","MEOVV HANDS UP Türkçe Çeviri","meovv-hands-up-turkce-ceviri","https://www.acupoflyrics.com/meovv-hands-up-turkce-ceviri/","youtube_missing","youtubeUrl alanı boş"
"4433","Ed Sheeran","Azizam","Ed Sheeran Azizam Türkçe Çeviri","ed-sheeran-azizam-turkce-ceviri","https://www.acupoflyrics.com/ed-sheeran-azizam-turkce-ceviri/","youtube_missing","youtubeUrl alanı boş"
"4427","Coldplay",", TWICE, Little Simz, Burna Boy, Elyanna & TINI WE PRAY","Coldplay, TWICE, Little Simz, Burna Boy, Elyanna & TINI WE PRAY Türkçe Çeviri","coldplay-twice-we-pray-turkce-ceviri","https://www.acupoflyrics.com/coldplay-twice-we-pray-turkce-ceviri/","youtube_missing","youtubeUrl alanı boş"
"4421","Ariana Grande","the boy is mine","Ariana Grande the boy is mine Türkçe Çeviri","ariana-grande-the-boy-is-mine-turkce-ceviri","https://www.acupoflyrics.com/ariana-grande-the-boy-is-mine-turkce-ceviri/","youtube_missing","youtubeUrl alanı boş"
"4418","Ariana Grande","true story","Ariana Grande true story Türkçe Çeviri","ariana-grande-true-story-turkce-ceviri","https://www.acupoflyrics.com/ariana-grande-true-story-turkce-ceviri/","youtube_missing","youtubeUrl alanı boş"
"4414","Ariana Grande","supernatural","Ariana Grande supernatural Türkçe Çeviri","ariana-grande-supernatural-turkce-ceviri","https://www.acupoflyrics.com/ariana-grande-supernatural-turkce-ceviri/","youtube_missing","youtubeUrl alanı boş"
"4410","Ariana Grande","Saturn Returns Interlude","Ariana Grande Saturn Returns Interlude Türkçe Çeviri","ariana-grande-saturn-returns-interlude-turkce-ceviri","https://www.acupoflyrics.com/ariana-grande-saturn-returns-interlude-turkce-ceviri/","youtube_missing","youtubeUrl alanı boş"
"4405","Ariana Grande","don't wanna break up again","Ariana Grande don't wanna break up again Türkçe Çeviri","ariana-grande-dont-wanna-break-up-again-turkce-ceviri","https://www.acupoflyrics.com/ariana-grande-dont-wanna-break-up-again-turkce-ceviri/","youtube_missing","youtubeUrl alanı boş"
"4401","Ariana Grande","bye","Ariana Grande bye Türkçe Çeviri","ariana-grande-bye-turkce-ceviri","https://www.acupoflyrics.com/ariana-grande-bye-turkce-ceviri/","youtube_missing","youtubeUrl alanı boş"
"4397","Ariana Grande","intro (end of the world)","Ariana Grande intro (end of the world) Türkçe Çeviri","ariana-grande-intro-end-of-the-world-turkce-ceviri","https://www.acupoflyrics.com/ariana-grande-intro-end-of-the-world-turkce-ceviri/","youtube_missing","youtubeUrl alanı boş"
"4386","Stray Kids","Giant Korean ver","Stray Kids Giant Korean ver Türkçe Çeviri","stray-kids-giant-korean-ver-turkce-ceviri","https://www.acupoflyrics.com/stray-kids-giant-korean-ver-turkce-ceviri/","youtube_missing","youtubeUrl alanı boş"
"4374","J-HOPE","J HOPE MONA LISA","J HOPE MONA LISA Türkçe Çeviri","j-hope-mona-lisa-turkce-ceviri","https://www.acupoflyrics.com/j-hope-mona-lisa-turkce-ceviri/","youtube_missing","youtubeUrl alanı boş"
"4371","Selena Gomez","& benny blanco Sunset Blvd","Selena Gomez & benny blanco Sunset Blvd Türkçe Çeviri","selena-gomez-benny-blanco-sunset-blvd-turkce-ceviri","https://www.acupoflyrics.com/selena-gomez-benny-blanco-sunset-blvd-turkce-ceviri/","youtube_missing","youtubeUrl alanı boş"
"4365","J-HOPE","J HOPE Miguel Sweet Dreams","J HOPE Miguel Sweet Dreams Türkçe Çeviri","j-hope-miguel-sweet-dreams-turkce-ceviri","https://www.acupoflyrics.com/j-hope-miguel-sweet-dreams-turkce-ceviri/","youtube_missing","youtubeUrl alanı boş"
"4358","JENNIE","twin","JENNIE twin Türkçe Çeviri","jennie-twin-turkce-ceviri","https://www.acupoflyrics.com/jennie-twin-turkce-ceviri/","youtube_missing","youtubeUrl alanı boş"
"4355","JENNIE","Starlight","JENNIE Starlight Türkçe Çeviri","jennie-starlight-turkce-ceviri","https://www.acupoflyrics.com/jennie-starlight-turkce-ceviri/","youtube_missing","youtubeUrl alanı boş"
"4351","JENNIE","Seoul City","JENNIE Seoul City Türkçe Çeviri","jennie-seoul-city-turkce-ceviri","https://www.acupoflyrics.com/jennie-seoul-city-turkce-ceviri/","youtube_missing","youtubeUrl alanı boş"
"4348","JENNIE","Filter","JENNIE Filter Türkçe Çeviri","jennie-filter-turkce-ceviri","https://www.acupoflyrics.com/jennie-filter-turkce-ceviri/","youtube_missing","youtubeUrl alanı boş"
"4344","JENNIE","FTS","JENNIE FTS Türkçe Çeviri","jennie-fts-turkce-ceviri","https://www.acupoflyrics.com/jennie-fts-turkce-ceviri/","youtube_missing","youtubeUrl alanı boş"
"4340","JENNIE","Childish Gambino Kali Uchis Damn Right","JENNIE Childish Gambino Kali Uchis Damn Right Türkçe Çeviri","jennie-childish-gambino-kali-uchis-damn-right-turkce-ceviri","https://www.acupoflyrics.com/jennie-childish-gambino-kali-uchis-damn-right-turkce-ceviri/","youtube_missing","youtubeUrl alanı boş"
"4334","JENNIE","with the IE (way up)","JENNIE with the IE (way up) Türkçe Çeviri","jennie-with-the-ie-way-up-turkce-ceviri","https://www.acupoflyrics.com/jennie-with-the-ie-way-up-turkce-ceviri/","youtube_missing","youtubeUrl alanı boş"
"4326","JENNIE","Dua Lipa Handlebars","JENNIE Dua Lipa Handlebars Türkçe Çeviri","jennie-dua-lipa-handlebars-turkce-ceviri","https://www.acupoflyrics.com/jennie-dua-lipa-handlebars-turkce-ceviri/","youtube_missing","youtubeUrl alanı boş"
"4316","JENNIE","start a war","JENNIE start a war Türkçe Çeviri","jennie-start-a-war-turkce-ceviri","https://www.acupoflyrics.com/jennie-start-a-war-turkce-ceviri/","youtube_missing","youtubeUrl alanı boş"
"4311","JENNIE","like JENNIE","JENNIE like JENNIE Türkçe Çeviri","jennie-like-jennie-turkce-ceviri","https://www.acupoflyrics.com/jennie-like-jennie-turkce-ceviri/","youtube_missing","youtubeUrl alanı boş"
"4304","JENNIE","ft FKJ Intro JANE","JENNIE ft FKJ Intro JANE Türkçe Çeviri","jennie-ft-fkj-intro-jane-turkce-ceviri","https://www.acupoflyrics.com/jennie-ft-fkj-intro-jane-turkce-ceviri/","youtube_missing","youtubeUrl alanı boş"
"4299","G-DRAGON","G DRAGON GYRO DROP","G DRAGON GYRO DROP Türkçe Çeviri","g-dragon-gyro-drop-turkce-ceviri","https://www.acupoflyrics.com/g-dragon-gyro-drop-turkce-ceviri/","youtube_missing","youtubeUrl alanı boş"
"4295","G-DRAGON","G DRAGON BONAMANA","G DRAGON BONAMANA Türkçe Çeviri","g-dragon-bonamana-turkce-ceviri","https://www.acupoflyrics.com/g-dragon-bonamana-turkce-ceviri/","youtube_missing","youtubeUrl alanı boş"
"4291","G-DRAGON","G DRAGON TAKE ME","G DRAGON TAKE ME Türkçe Çeviri","g-dragon-take-me-turkce-ceviri","https://www.acupoflyrics.com/g-dragon-take-me-turkce-ceviri/","youtube_missing","youtubeUrl alanı boş"
"4287","G-DRAGON","G DRAGON IBELONGIIU","G DRAGON IBELONGIIU Türkçe Çeviri","g-dragon-ibelongiiu-turkce-ceviri","https://www.acupoflyrics.com/g-dragon-ibelongiiu-turkce-ceviri/","youtube_missing","youtubeUrl alanı boş"
"4283","G-DRAGON","G DRAGON DRAMA","G DRAGON DRAMA Türkçe Çeviri","g-dragon-drama-turkce-ceviri","https://www.acupoflyrics.com/g-dragon-drama-turkce-ceviri/","youtube_missing","youtubeUrl alanı boş"
"4277","G-DRAGON","G DRAGON ft Anderson Paak TOO BAD","G DRAGON ft Anderson Paak TOO BAD Türkçe Çeviri","g-dragon-ft-anderson-paak-too-bad-turkce-ceviri","https://www.acupoflyrics.com/g-dragon-ft-anderson-paak-too-bad-turkce-ceviri/","youtube_missing","youtubeUrl alanı boş"
"4246","LISA","Rapunzel Türkçe Çeviri (Kiki Solo Version)","LISA Rapunzel Türkçe Çeviri (Kiki Solo Version)","lisa-rapunzel-turkce-ceviri-kiki-solo-version","https://www.acupoflyrics.com/lisa-rapunzel-turkce-ceviri-kiki-solo-version/","youtube_missing","youtubeUrl alanı boş"
"4243","LISA","FXCK UP THE WORLD Türkçe Çeviri (Vixi Solo Version)","LISA FXCK UP THE WORLD Türkçe Çeviri (Vixi Solo Version)","lisa-fxck-up-the-world-turkce-ceviri-vixi-solo-version","https://www.acupoflyrics.com/lisa-fxck-up-the-world-turkce-ceviri-vixi-solo-version/","youtube_missing","youtubeUrl alanı boş"
"4237","LISA","Chill","LISA Chill Türkçe Çeviri","lisa-chill-turkce-ceviri","https://www.acupoflyrics.com/lisa-chill-turkce-ceviri/","youtube_missing","youtubeUrl alanı boş"
"4226","LISA","ft Tyla When I'm With You","LISA ft Tyla When I'm With You Türkçe Çeviri","lisa-ft-tyla-when-im-with-you-turkce-ceviri","https://www.acupoflyrics.com/lisa-ft-tyla-when-im-with-you-turkce-ceviri/","youtube_missing","youtubeUrl alanı boş"
"4216","LISA","Elastigirl","LISA Elastigirl Türkçe Çeviri","lisa-elastigirl-turkce-ceviri","https://www.acupoflyrics.com/lisa-elastigirl-turkce-ceviri/","youtube_missing","youtubeUrl alanı boş"
"4210","LISA","Dream","LISA Dream Türkçe Çeviri","lisa-dream-turkce-ceviri","https://www.acupoflyrics.com/lisa-dream-turkce-ceviri/","youtube_missing","youtubeUrl alanı boş"
"4207","LISA","Lifestyle","LISA Lifestyle Türkçe Çeviri","lisa-lifestyle-turkce-ceviri","https://www.acupoflyrics.com/lisa-lifestyle-turkce-ceviri/","youtube_missing","youtubeUrl alanı boş"
"4205","LISA","BADGRRRL","LISA BADGRRRL Türkçe Çeviri","lisa-badgrrrl-turkce-ceviri","https://www.acupoflyrics.com/lisa-badgrrrl-turkce-ceviri/","youtube_missing","youtubeUrl alanı boş"
"4202","LISA","ft Megan Thee Stallion Rapunzel","LISA ft Megan Thee Stallion Rapunzel Türkçe Çeviri","lisa-ft-megan-thee-stallion-rapunzel-turkce-ceviri","https://www.acupoflyrics.com/lisa-ft-megan-thee-stallion-rapunzel-turkce-ceviri/","youtube_missing","youtubeUrl alanı boş"
"4196","LISA","ft Future FXCK UP THE WORLD","LISA ft Future FXCK UP THE WORLD Türkçe Çeviri","lisa-ft-future-fxck-up-the-world-turkce-ceviri","https://www.acupoflyrics.com/lisa-ft-future-fxck-up-the-world-turkce-ceviri/","youtube_missing","youtubeUrl alanı boş"
"4192","LISA","Thunder","LISA Thunder Türkçe Çeviri","lisa-thunder-turkce-ceviri","https://www.acupoflyrics.com/lisa-thunder-turkce-ceviri/","youtube_missing","youtubeUrl alanı boş"
"4178","Selena Gomez","& benny blanco & Gracie Abrams Call Me When You Break Up","Selena Gomez & benny blanco & Gracie Abrams Call Me When You Break Up Türkçe Çeviri","selena-gomez-benny-blanco-gracie-abrams-call-me-when-you-break-up-turkce-ceviri","https://www.acupoflyrics.com/selena-gomez-benny-blanco-gracie-abrams-call-me-when-you-break-up-turkce-ceviri/","youtube_missing","youtubeUrl alanı boş"
"4174","Don Toliver","J HOPE LV Bag","Don Toliver J HOPE LV Bag Türkçe Çeviri","don-toliver-j-hope-lv-bag-turkce-ceviri","https://www.acupoflyrics.com/don-toliver-j-hope-lv-bag-turkce-ceviri/","youtube_missing","youtubeUrl alanı boş"
"4168","JENNIE","Doechii ExtraL","JENNIE Doechii ExtraL Türkçe Çeviri","jennie-doechii-extral-turkce-ceviri","https://www.acupoflyrics.com/jennie-doechii-extral-turkce-ceviri/","youtube_missing","youtubeUrl alanı boş"
"4161","TYLA","Sean Paul PUSH 2 START","Tyla Sean Paul PUSH 2 START Türkçe Çeviri","tyla-sean-paul-push-2-start-turkce-ceviri","https://www.acupoflyrics.com/tyla-sean-paul-push-2-start-turkce-ceviri/","youtube_missing","youtubeUrl alanı boş"
"4156","ANNE-MARIE","Anne Marie I Dont Like Your Boyfriend","Anne Marie I Dont Like Your Boyfriend Türkçe Çeviri","anne-marie-i-dont-like-your-boyfriend-turkce-ceviri","https://www.acupoflyrics.com/anne-marie-i-dont-like-your-boyfriend-turkce-ceviri/","youtube_missing","youtubeUrl alanı boş"
"4150","ANNE-MARIE","Anne Marie Dont Panic","Anne Marie Dont Panic Türkçe Çeviri","anne-marie-dont-panic-turkce-ceviri","https://www.acupoflyrics.com/anne-marie-dont-panic-turkce-ceviri/","youtube_missing","youtubeUrl alanı boş"
"4140","Selena Gomez","& benny blanco Scared Of Loving You","Selena Gomez & benny blanco Scared Of Loving You Türkçe Çeviri","selena-gomez-benny-blanco-scared-of-loving-you-turkce-ceviri","https://www.acupoflyrics.com/selena-gomez-benny-blanco-scared-of-loving-you-turkce-ceviri/","youtube_missing","youtubeUrl alanı boş"
"4131","JISOO","Hugs And Kisses","JISOO Hugs And Kisses Türkçe Çeviri","jisoo-hugs-and-kisses-turkce-ceviri","https://www.acupoflyrics.com/jisoo-hugs-and-kisses-turkce-ceviri/","youtube_missing","youtubeUrl alanı boş"
"4127","JISOO","TEARS","JISOO TEARS Türkçe Çeviri","jisoo-tears-turkce-ceviri","https://www.acupoflyrics.com/jisoo-tears-turkce-ceviri/","youtube_missing","youtubeUrl alanı boş"
"4118","JISOO","Your Love","JISOO Your Love Türkçe Çeviri","jisoo-your-love-turkce-ceviri","https://www.acupoflyrics.com/jisoo-your-love-turkce-ceviri/","youtube_missing","youtubeUrl alanı boş"
"4110","JISOO","earthquake","JISOO earthquake Türkçe Çeviri","jisoo-earthquake-turkce-ceviri","https://www.acupoflyrics.com/jisoo-earthquake-turkce-ceviri/","youtube_missing","youtubeUrl alanı boş"
"4095","LISA","Doja Cat RAYE Born Again","LISA Doja Cat RAYE Born Again Türkçe Çeviri","lisa-doja-cat-raye-born-again-turkce-ceviri","https://www.acupoflyrics.com/lisa-doja-cat-raye-born-again-turkce-ceviri/","youtube_missing","youtubeUrl alanı boş"
"4082","IVE","ATTITUDE","IVE ATTITUDE Türkçe Çeviri","ive-attitude-turkce-ceviri","https://www.acupoflyrics.com/ive-attitude-turkce-ceviri/","youtube_missing","youtubeUrl alanı boş"
"4075","Lady Gaga","Abracadabra","Lady Gaga Abracadabra Türkçe Çeviri","lady-gaga-abracadabra-turkce-ceviri","https://www.acupoflyrics.com/lady-gaga-abracadabra-turkce-ceviri/","youtube_missing","youtubeUrl alanı boş"
"4067","The Weeknd","Hurry Up Tomorrow","The Weeknd Hurry Up Tomorrow Türkçe Çeviri","the-weeknd-hurry-up-tomorrow-turkce-ceviri","https://www.acupoflyrics.com/the-weeknd-hurry-up-tomorrow-turkce-ceviri/","youtube_missing","youtubeUrl alanı boş"
"4063","The Weeknd","Without A Warning","The Weeknd Without A Warning Türkçe Çeviri","the-weeknd-without-a-warning-turkce-ceviri","https://www.acupoflyrics.com/the-weeknd-without-a-warning-turkce-ceviri/","youtube_missing","youtubeUrl alanı boş"
"4059","The Weeknd","Red Terror","The Weeknd Red Terror Türkçe Çeviri","the-weeknd-red-terror-turkce-ceviri","https://www.acupoflyrics.com/the-weeknd-red-terror-turkce-ceviri/","youtube_missing","youtubeUrl alanı boş"
"4055","The Weeknd","Drive","The Weeknd Drive Türkçe Çeviri","the-weeknd-drive-turkce-ceviri","https://www.acupoflyrics.com/the-weeknd-drive-turkce-ceviri/","youtube_missing","youtubeUrl alanı boş"
"4051","The Weeknd","Give Me Mercy","The Weeknd Give Me Mercy Türkçe Çeviri","the-weeknd-give-me-mercy-turkce-ceviri","https://www.acupoflyrics.com/the-weeknd-give-me-mercy-turkce-ceviri/","youtube_missing","youtubeUrl alanı boş"
"4047","The Weeknd","Big Sleep","The Weeknd Big Sleep Türkçe Çeviri","the-weeknd-big-sleep-turkce-ceviri","https://www.acupoflyrics.com/the-weeknd-big-sleep-turkce-ceviri/","youtube_missing","youtubeUrl alanı boş"
"4043","The Weeknd","Take Me Back to LA","The Weeknd Take Me Back to LA Türkçe Çeviri","the-weeknd-take-me-back-to-la-turkce-ceviri","https://www.acupoflyrics.com/the-weeknd-take-me-back-to-la-turkce-ceviri/","youtube_missing","youtubeUrl alanı boş"
"4040","The Weeknd","Niagara Falls","The Weeknd Niagara Falls Türkçe Çeviri","the-weeknd-niagara-falls-turkce-ceviri","https://www.acupoflyrics.com/the-weeknd-niagara-falls-turkce-ceviri/","youtube_missing","youtubeUrl alanı boş"
"4036","The Weeknd","I Cant Wait To Get There","The Weeknd I Cant Wait To Get There Türkçe Çeviri","the-weeknd-i-cant-wait-to-get-there-turkce-ceviri","https://www.acupoflyrics.com/the-weeknd-i-cant-wait-to-get-there-turkce-ceviri/","youtube_missing","youtubeUrl alanı boş"
"4032","The Weeknd","Given Up On Me","The Weeknd Given Up On Me Türkçe Çeviri","the-weeknd-given-up-on-me-turkce-ceviri","https://www.acupoflyrics.com/the-weeknd-given-up-on-me-turkce-ceviri/","youtube_missing","youtubeUrl alanı boş"
"4026","The Weeknd","The Abyss Türkçe Çeviri (ft. Lana Del Rey)","The Weeknd The Abyss Türkçe Çeviri (ft. Lana Del Rey)","the-weeknd-the-abyss-turkce-ceviri-ft-lana-del-rey","https://www.acupoflyrics.com/the-weeknd-the-abyss-turkce-ceviri-ft-lana-del-rey/","youtube_missing","youtubeUrl alanı boş"
"4022","The Weeknd","Enjoy The Show Türkçe Çeviri (ft. Future)","The Weeknd Enjoy The Show Türkçe Çeviri (ft. Future)","the-weeknd-enjoy-the-show-turkce-ceviri-ft-future","https://www.acupoflyrics.com/the-weeknd-enjoy-the-show-turkce-ceviri-ft-future/","youtube_missing","youtubeUrl alanı boş"
"4018","The Weeknd","Reflections Laughing Türkçe Çeviri (ft. Travis Scott)","The Weeknd Reflections Laughing Türkçe Çeviri (ft. Travis Scott)","the-weeknd-reflections-laughing-turkce-ceviri-ft-travis-scott","https://www.acupoflyrics.com/the-weeknd-reflections-laughing-turkce-ceviri-ft-travis-scott/","youtube_missing","youtubeUrl alanı boş"
"4014","The Weeknd","Opening Night","The Weeknd Opening Night Türkçe Çeviri","the-weeknd-opening-night-turkce-ceviri","https://www.acupoflyrics.com/the-weeknd-opening-night-turkce-ceviri/","youtube_missing","youtubeUrl alanı boş"
"4010","The Weeknd","Open Hearts","The Weeknd Open Hearts Türkçe Çeviri","the-weeknd-open-hearts-turkce-ceviri","https://www.acupoflyrics.com/the-weeknd-open-hearts-turkce-ceviri/","youtube_missing","youtubeUrl alanı boş"
"4006","The Weeknd","Baptized In Fear","The Weeknd Baptized In Fear Türkçe Çeviri","the-weeknd-baptized-in-fear-turkce-ceviri","https://www.acupoflyrics.com/the-weeknd-baptized-in-fear-turkce-ceviri/","youtube_missing","youtubeUrl alanı boş"
"4002","The Weeknd","I Can't Fucking Sing","The Weeknd I Can't Fucking Sing Türkçe Çeviri","the-weeknd-i-cant-fucking-sing-turkce-ceviri","https://www.acupoflyrics.com/the-weeknd-i-cant-fucking-sing-turkce-ceviri/","youtube_missing","youtubeUrl alanı boş"
"3990","The Weeknd","Cry For Me","The Weeknd Cry For Me Türkçe Çeviri","the-weeknd-cry-for-me-turkce-ceviri","https://www.acupoflyrics.com/the-weeknd-cry-for-me-turkce-ceviri/","youtube_missing","youtubeUrl alanı boş"
"3985","The Weeknd","Wake Me Up","The Weeknd Wake Me Up Türkçe Çeviri","the-weeknd-wake-me-up-turkce-ceviri","https://www.acupoflyrics.com/the-weeknd-wake-me-up-turkce-ceviri/","youtube_missing","youtubeUrl alanı boş"
"3972","JENNIE","Dominic Fike Love Hangover","JENNIE Dominic Fike Love Hangover Türkçe Çeviri","jennie-dominic-fike-love-hangover-turkce-ceviri","https://www.acupoflyrics.com/jennie-dominic-fike-love-hangover-turkce-ceviri/","youtube_missing","youtubeUrl alanı boş"
"3962","Conan Gray","Family Line","Conan Gray Family Line Türkçe Çeviri","conan-gray-family-line-turkce-ceviri","https://www.acupoflyrics.com/conan-gray-family-line-turkce-ceviri/","youtube_missing","youtubeUrl alanı boş"
"3953","JENNIE","Zen","JENNIE Zen Türkçe Çeviri","jennie-zen-turkce-ceviri","https://www.acupoflyrics.com/jennie-zen-turkce-ceviri/","youtube_missing","youtubeUrl alanı boş"
"3947","GIMS","Est-ce que tu m'aimes","GIMS Est-ce que tu m'aimes Türkçe Çeviri","gims-est-ce-que-tu-maimes-turkce-ceviri","https://www.acupoflyrics.com/gims-est-ce-que-tu-maimes-turkce-ceviri/","youtube_missing","youtubeUrl alanı boş"
"3941","Eminem","Rihanna The Monster","Eminem Rihanna The Monster Türkçe Çeviri","eminem-rihanna-the-monster-turkce-ceviri","https://www.acupoflyrics.com/eminem-rihanna-the-monster-turkce-ceviri/","youtube_missing","youtubeUrl alanı boş"
"3935","GOT7","PYTHON","GOT7 PYTHON Türkçe Çeviri","got7-python-turkce-ceviri","https://www.acupoflyrics.com/got7-python-turkce-ceviri/","youtube_missing","youtubeUrl alanı boş"
"3925","Flo Rida"," ENHYPEN Paul Russell Confessions","Flo Rida ENHYPEN Paul Russell Confessions Türkçe Çeviri","flo-rida-enhypen-paul-russell-confessions-turkce-ceviri","https://www.acupoflyrics.com/flo-rida-enhypen-paul-russell-confessions-turkce-ceviri/","youtube_missing","youtubeUrl alanı boş"
"3917","MINNIE","Blind Eyes Red","MINNIE Blind Eyes Red Türkçe Çeviri ","minnie-blind-eyes-red-turkce-ceviri","https://www.acupoflyrics.com/minnie-blind-eyes-red-turkce-ceviri/","youtube_missing","youtubeUrl alanı boş"
"3909","Dua Lipa","Levitating","Dua Lipa Levitating Türkçe Çeviri","dua-lipa-levitating-turkce-ceviri","https://www.acupoflyrics.com/dua-lipa-levitating-turkce-ceviri/","youtube_missing","youtubeUrl alanı boş"
"3902","Indila","Tourner dans le vide","Indila Tourner dans le vide Türkçe Çeviri","indila-tourner-dans-le-vide-turkce-ceviri","https://www.acupoflyrics.com/indila-tourner-dans-le-vide-turkce-ceviri/","youtube_missing","youtubeUrl alanı boş"
"3894","Agust D","Suga Interlude : Shadow","Suga Interlude : Shadow Türkçe Çeviri","suga-interlude-shadow-turkce-ceviri","https://www.acupoflyrics.com/suga-interlude-shadow-turkce-ceviri/","youtube_missing","youtubeUrl alanı boş"
"3883","HOP","Felix Unfair","Felix Unfair Türkçe Çeviri","felix-unfair-turkce-ceviri","https://www.acupoflyrics.com/felix-unfair-turkce-ceviri/","youtube_missing","youtubeUrl alanı boş"
"3877","HOP","BANG CHAN Railway","BANG CHAN Railway Türkçe Çeviri","bang-chan-railway-turkce-ceviri","https://www.acupoflyrics.com/bang-chan-railway-turkce-ceviri/","youtube_missing","youtubeUrl alanı boş"
"3872","Stray Kids","U","Stray Kids U Türkçe Çeviri","stray-kids-u-turkce-ceviri","https://www.acupoflyrics.com/stray-kids-u-turkce-ceviri/","youtube_missing","youtubeUrl alanı boş"
"3868","Stray Kids","Bounce Back","Stray Kids Bounce Back Türkçe Çeviri","stray-kids-bounce-back-turkce-ceviri","https://www.acupoflyrics.com/stray-kids-bounce-back-turkce-ceviri/","youtube_missing","youtubeUrl alanı boş"
"3859","Arcane","Stromae Pomme Ma Meilleure Ennemie","Stromae Pomme Ma Meilleure Ennemie Türkçe Çeviri","stromae-pomme-ma-meilleure-ennemie-turkce-ceviri","https://www.acupoflyrics.com/stromae-pomme-ma-meilleure-ennemie-turkce-ceviri/","youtube_missing","youtubeUrl alanı boş"
"3852","Ariana Grande","Santa Tell Me","Ariana Grande Santa Tell Me Türkçe Çeviri","ariana-grande-santa-tell-me-turkce-ceviri","https://www.acupoflyrics.com/ariana-grande-santa-tell-me-turkce-ceviri/","youtube_missing","youtubeUrl alanı boş"
"3844","Taylor Swift","right where you left me","Taylor Swift right where you left me Türkçe Çeviri","taylor-swift-right-where-you-left-me-turkce-ceviri","https://www.acupoflyrics.com/taylor-swift-right-where-you-left-me-turkce-ceviri/","youtube_missing","youtubeUrl alanı boş"
"3838","Dove Cameron","Khalid We Go Down Together","Dove Cameron Khalid We Go Down Together Türkçe Çeviri","dove-cameron-khalid-we-go-down-together-turkce-ceviri","https://www.acupoflyrics.com/dove-cameron-khalid-we-go-down-together-turkce-ceviri/","youtube_missing","youtubeUrl alanı boş"
"3831","Stray Kids","Walkin On Water","Stray Kids Walkin On Water Türkçe Çeviri","stray-kids-walkin-on-water-turkce-ceviri","https://www.acupoflyrics.com/stray-kids-walkin-on-water-turkce-ceviri/","youtube_missing","youtubeUrl alanı boş"
"3775","TWICE","Megan Thee Stallion Strategy","TWICE Megan Thee Stallion Strategy Türkçe Çeviri","twice-megan-thee-stallion-strategy-turkce-ceviri","https://www.acupoflyrics.com/twice-megan-thee-stallion-strategy-turkce-ceviri/","youtube_missing","youtubeUrl alanı boş"
"3769","ROSÉ","vampirehollie","ROSÉ vampirehollie Türkçe Çeviri","rose-vampirehollie-turkce-ceviri","https://www.acupoflyrics.com/rose-vampirehollie-turkce-ceviri/","youtube_missing","youtubeUrl alanı boş"
"3766","ROSÉ","dance all night","ROSÉ dance all night Türkçe Çeviri","rose-dance-all-night-turkce-ceviri","https://www.acupoflyrics.com/rose-dance-all-night-turkce-ceviri/","youtube_missing","youtubeUrl alanı boş"
"3763","ROSÉ","too bad for us","ROSÉ too bad for us Türkçe Çeviri","rose-too-bad-for-us-turkce-ceviri","https://www.acupoflyrics.com/rose-too-bad-for-us-turkce-ceviri/","youtube_missing","youtubeUrl alanı boş"
"3759","ROSÉ","call it the end","ROSÉ call it the end Türkçe Çeviri","rose-call-it-the-end-turkce-ceviri","https://www.acupoflyrics.com/rose-call-it-the-end-turkce-ceviri/","youtube_missing","youtubeUrl alanı boş"
"3756","ROSÉ","not the same","ROSÉ not the same Türkçe Çeviri","rose-not-the-same-turkce-ceviri","https://www.acupoflyrics.com/rose-not-the-same-turkce-ceviri/","youtube_missing","youtubeUrl alanı boş"
"3752","ROSÉ","stay a little longer","ROSÉ stay a little longer Türkçe Çeviri","rose-stay-a-little-longer-turkce-ceviri","https://www.acupoflyrics.com/rose-stay-a-little-longer-turkce-ceviri/","youtube_missing","youtubeUrl alanı boş"
"3749","ROSÉ","gameboy","ROSÉ gameboy Türkçe Çeviri","rose-gameboy-turkce-ceviri","https://www.acupoflyrics.com/rose-gameboy-turkce-ceviri/","youtube_missing","youtubeUrl alanı boş"
"3746","ROSÉ","drinks or coffee","ROSÉ drinks or coffee Türkçe Çeviri","rose-drinks-or-coffee-turkce-ceviri","https://www.acupoflyrics.com/rose-drinks-or-coffee-turkce-ceviri/","youtube_missing","youtubeUrl alanı boş"
"3742","ROSÉ","toxic till the end","ROSÉ toxic till the end Türkçe Çeviri","rose-toxic-till-the-end-turkce-ceviri","https://www.acupoflyrics.com/rose-toxic-till-the-end-turkce-ceviri/","youtube_missing","youtubeUrl alanı boş"
"3739","ROSÉ","two years","ROSÉ two years Türkçe Çeviri","rose-two-years-turkce-ceviri","https://www.acupoflyrics.com/rose-two-years-turkce-ceviri/","youtube_missing","youtubeUrl alanı boş"
"3735","ROSÉ","3am","ROSÉ 3am Türkçe Çeviri","rose-3am-turkce-ceviri","https://www.acupoflyrics.com/rose-3am-turkce-ceviri/","youtube_missing","youtubeUrl alanı boş"
"3729","LISA","Moonlit Floor Santa Remix","LISA Moonlit Floor Santa Remix Türkçe Çeviri","lisa-moonlit-floor-santa-remix-turkce-ceviri","https://www.acupoflyrics.com/lisa-moonlit-floor-santa-remix-turkce-ceviri/","youtube_missing","youtubeUrl alanı boş"
"3724","V","PARK HYO SHIN Winter Ahead","V PARK HYO SHIN Winter Ahead Türkçe Çeviri","v-park-hyo-shin-winter-ahead-turkce-ceviri","https://www.acupoflyrics.com/v-park-hyo-shin-winter-ahead-turkce-ceviri/","youtube_missing","youtubeUrl alanı boş"
"3718","Kendrick Lamar","squabble up","Kendrick Lamar squabble up Türkçe Çeviri","kendrick-lamar-squabble-up-turkce-ceviri","https://www.acupoflyrics.com/kendrick-lamar-squabble-up-turkce-ceviri/","youtube_missing","youtubeUrl alanı boş"
"3713","G-DRAGON","G DRAGON TAEYANG DAESUNG HOME SWEET HOME","G DRAGON TAEYANG DAESUNG HOME SWEET HOME Türkçe Çeviri ","g-dragon-taeyang-daesung-home-sweet-home-turkce-ceviri","https://www.acupoflyrics.com/g-dragon-taeyang-daesung-home-sweet-home-turkce-ceviri/","youtube_missing","youtubeUrl alanı boş"
"3702","ITZY","Imaginary Friend","ITZY Imaginary Friend Türkçe Çeviri","itzy-imaginary-friend-turkce-ceviri","https://www.acupoflyrics.com/itzy-imaginary-friend-turkce-ceviri/","youtube_missing","youtubeUrl alanı boş"
"3695","ROSÉ","Number One Girl","ROSÉ Number One Girl Türkçe Çeviri","rose-number-one-girl-turkce-ceviri","https://www.acupoflyrics.com/rose-number-one-girl-turkce-ceviri/","youtube_missing","youtubeUrl alanı boş"
"3691","MEOVV","Body","MEOVV Body Türkçe Çeviri","meovv-body-turkce-ceviri","https://www.acupoflyrics.com/meovv-body-turkce-ceviri/","youtube_missing","youtubeUrl alanı boş"
"3687","MEOVV","TOXIC","MEOVV TOXIC Türkçe Çeviri","meovv-toxic-turkce-ceviri","https://www.acupoflyrics.com/meovv-toxic-turkce-ceviri/","youtube_missing","youtubeUrl alanı boş"
"3678","Tate Mcrae","2 hands","Tate McRae 2 hands Türkçe Çeviri","tate-mcrae-2-hands-turkce-ceviri","https://www.acupoflyrics.com/tate-mcrae-2-hands-turkce-ceviri/","youtube_missing","youtubeUrl alanı boş"
"3654","ATEEZ","Ice On My Teeth","ATEEZ Ice On My Teeth Türkçe Çeviri","ateez-ice-on-my-teeth-turkce-ceviri","https://www.acupoflyrics.com/ateez-ice-on-my-teeth-turkce-ceviri/","youtube_missing","youtubeUrl alanı boş"
"3644","TYLA","PUSH 2 START","Tyla PUSH 2 START Türkçe Çeviri","tyla-push-2-start-turkce-ceviri","https://www.acupoflyrics.com/tyla-push-2-start-turkce-ceviri/","youtube_missing","youtubeUrl alanı boş"
"3640","Happy","Jin In Longing","Jin In Longing Türkçe Çeviri","jin-in-longing-turkce-ceviri","https://www.acupoflyrics.com/jin-in-longing-turkce-ceviri/","youtube_missing","youtubeUrl alanı boş"
"3637","Happy","Jin Wendy Heart on the Window","Jin Wendy Heart on the Window Türkçe Çeviri","jin-wendy-heart-on-the-window-turkce-ceviri","https://www.acupoflyrics.com/jin-wendy-heart-on-the-window-turkce-ceviri/","youtube_missing","youtubeUrl alanı boş"
"3634","Happy","Jin Until I Reach You","Jin Until I Reach You Türkçe Çeviri","jin-until-i-reach-you-turkce-ceviri","https://www.acupoflyrics.com/jin-until-i-reach-you-turkce-ceviri/","youtube_missing","youtubeUrl alanı boş"
"3630","Happy","Jin Another Level","Jin Another Level Türkçe Çeviri","jin-another-level-turkce-ceviri","https://www.acupoflyrics.com/jin-another-level-turkce-ceviri/","youtube_missing","youtubeUrl alanı boş"
"3626","Happy","Jin Running Wild","Jin Running Wild Türkçe Çeviri","jin-running-wild-turkce-ceviri","https://www.acupoflyrics.com/jin-running-wild-turkce-ceviri/","youtube_missing","youtubeUrl alanı boş"
"3621","LINKIN PARK","Two Faced","Linkin Park Two Faced Türkçe Çeviri","linkin-park-two-faced-turkce-ceviri","https://www.acupoflyrics.com/linkin-park-two-faced-turkce-ceviri/","youtube_missing","youtubeUrl alanı boş"
"3617","CL","Hello Bitches","CL Hello Bitches Türkçe Çeviri","cl-hello-bitches-turkce-ceviri","https://www.acupoflyrics.com/cl-hello-bitches-turkce-ceviri/","youtube_missing","youtubeUrl alanı boş"
"3609","Stray Kids","Giant","Stray Kids Giant Türkçe Çeviri","stray-kids-giant-turkce-ceviri","https://www.acupoflyrics.com/stray-kids-giant-turkce-ceviri/","youtube_missing","youtubeUrl alanı boş"
"3600","Maroon 5","Memories","MAROON 5 Memories Türkçe Çeviri","maroon-5-memories-turkce-ceviri","https://www.acupoflyrics.com/maroon-5-memories-turkce-ceviri/","youtube_missing","youtubeUrl alanı boş"
"3594","ENHYPEN","No Doubt","ENHYPEN No Doubt Türkçe Çeviri","enhypen-no-doubt-turkce-ceviri","https://www.acupoflyrics.com/enhypen-no-doubt-turkce-ceviri/","youtube_missing","youtubeUrl alanı boş"
"3589","Gracie Abrams"," That's So True","Gracie Abrams That's So True Türkçe Çeviri","gracie-abrams-thats-so-true-turkce-ceviri","https://www.acupoflyrics.com/gracie-abrams-thats-so-true-turkce-ceviri/","youtube_missing","youtubeUrl alanı boş"
"3581","XG","HOWLING","XG HOWLING Türkçe Çeviri","xg-howling-turkce-ceviri","https://www.acupoflyrics.com/xg-howling-turkce-ceviri/","youtube_missing","youtubeUrl alanı boş"
"3575","Dua Lipa","Pierre de Maere These Walls","Dua Lipa Pierre de Maere These Walls Türkçe Çeviri","dua-lipa-pierre-de-maere-these-walls-turkce-ceviri","https://www.acupoflyrics.com/dua-lipa-pierre-de-maere-these-walls-turkce-ceviri/","youtube_missing","youtubeUrl alanı boş"
"3565","AYLIVA","Lilien","AYLIVA Lilien Türkçe Çeviri","ayliva-lilien-turkce-ceviri","https://www.acupoflyrics.com/ayliva-lilien-turkce-ceviri/","youtube_missing","youtubeUrl alanı boş"
"3560","KISS OF LIFE","Igloo","KISS OF LIFE Igloo Türkçe Çeviri","kiss-of-life-igloo-turkce-ceviri","https://www.acupoflyrics.com/kiss-of-life-igloo-turkce-ceviri/","youtube_missing","youtubeUrl alanı boş"
"3554","BABYMONSTER","DRIP","BABYMONSTER DRIP Türkçe Çeviri","babymonster-drip-turkce-ceviri","https://www.acupoflyrics.com/babymonster-drip-turkce-ceviri/","youtube_missing","youtubeUrl alanı boş"
"3546","Chezile","Beanie","Chezile Beanie Türkçe Çeviri","chezile-beanie-turkce-ceviri","https://www.acupoflyrics.com/chezile-beanie-turkce-ceviri/","youtube_missing","youtubeUrl alanı boş"
"3538","G-DRAGON","G DRAGON POWER","G DRAGON POWER Türkçe Çeviri","g-dragon-power-turkce-ceviri","https://www.acupoflyrics.com/g-dragon-power-turkce-ceviri/","youtube_missing","youtubeUrl alanı boş"
"3533","The Weeknd","Anitta São Paulo","The Weeknd Anitta São Paulo Türkçe Çeviri","the-weeknd-anitta-sao-paulo-turkce-ceviri","https://www.acupoflyrics.com/the-weeknd-anitta-sao-paulo-turkce-ceviri/","youtube_missing","youtubeUrl alanı boş"
"3529","BABYMONSTER","CLIK CLAK","BABYMONSTER CLIK CLAK Türkçe Çeviri","babymonster-clik-clak-turkce-ceviri","https://www.acupoflyrics.com/babymonster-clik-clak-turkce-ceviri/","youtube_missing","youtubeUrl alanı boş"
"3523","Megan Thee Stallion","Twice Mamushi","Megan Thee Stallion Twice Mamushi Türkçe Çeviri","megan-thee-stallion-twice-mamushi-turkce-ceviri","https://www.acupoflyrics.com/megan-thee-stallion-twice-mamushi-turkce-ceviri/","youtube_missing","youtubeUrl alanı boş"
"3519","BTS","JIN I'll Be There","JIN I'll Be There Türkçe Çeviri","jin-ill-be-there-turkce-ceviri","https://www.acupoflyrics.com/jin-ill-be-there-turkce-ceviri/","youtube_missing","youtubeUrl alanı boş"
"3514","Lady Gaga","Disease","Lady Gaga Disease Türkçe Çeviri","lady-gaga-disease-turkce-ceviri","https://www.acupoflyrics.com/lady-gaga-disease-turkce-ceviri/","youtube_missing","youtubeUrl alanı boş"
"3509","Aespa","Whiplash","AESPA Whiplash Türkçe Çeviri","aespa-whiplash-turkce-ceviri","https://www.acupoflyrics.com/aespa-whiplash-turkce-ceviri/","youtube_missing","youtubeUrl alanı boş"
"3504","One Direction","Night Changes","One Direction Night Changes Türkçe Çeviri","one-direction-night-changes-turkce-ceviri","https://www.acupoflyrics.com/one-direction-night-changes-turkce-ceviri/","youtube_missing","youtubeUrl alanı boş"
"3494","ROSÉ","Bruno Mars APT.","ROSÉ Bruno Mars APT. Türkçe Çeviri","rose-bruno-mars-apt-turkce-ceviri","https://www.acupoflyrics.com/rose-bruno-mars-apt-turkce-ceviri/","youtube_missing","youtubeUrl alanı boş"
"3489","SEVENTEEN","LOVE MONEY FAME","SEVENTEEN LOVE MONEY FAME Türkçe Çeviri","seventeen-love-money-fame-turkce-ceviri","https://www.acupoflyrics.com/seventeen-love-money-fame-turkce-ceviri/","youtube_missing","youtubeUrl alanı boş"
"3480","BTS","Black Swan","BTS Black Swan Türkçe Çeviri","bts-black-swan-turkce-ceviri","https://www.acupoflyrics.com/bts-black-swan-turkce-ceviri/","youtube_missing","youtubeUrl alanı boş"
"3476","HAUTE COUTURE","MISAMO New Look","MISAMO New Look Türkçe Çeviri","misamo-new-look-turkce-ceviri","https://www.acupoflyrics.com/misamo-new-look-turkce-ceviri/","youtube_missing","youtubeUrl alanı boş"
"3454","BTS","JIN Super Tuna","JIN Super Tuna Türkçe Çeviri","jin-super-tuna-turkce-ceviri","https://www.acupoflyrics.com/jin-super-tuna-turkce-ceviri/","youtube_missing","youtubeUrl alanı boş"
"3450","KATSEYE","ft Yeonjun Touch","KATSEYE ft Yeonjun Touch Türkçe Çeviri","katseye-ft-yeonjun-touch-turkce-ceviri","https://www.acupoflyrics.com/katseye-ft-yeonjun-touch-turkce-ceviri/","youtube_missing","youtubeUrl alanı boş"
"3444","Charli XCX","Ariana Grande Sympathy is a knife","Charli xcx Ariana Grande Sympathy is a knife Türkçe Çeviri","charli-xcx-ariana-grande-sympathy-is-a-knife-turkce-ceviri","https://www.acupoflyrics.com/charli-xcx-ariana-grande-sympathy-is-a-knife-turkce-ceviri/","youtube_missing","youtubeUrl alanı boş"
"3439","Ariana Grande","Eternal Sunshine","Ariana Grande Eternal Sunshine Türkçe Çeviri","ariana-grande-eternal-sunshine-turkce-ceviri","https://www.acupoflyrics.com/ariana-grande-eternal-sunshine-turkce-ceviri/","youtube_missing","youtubeUrl alanı boş"
"3426","LINKIN PARK","Numb","LINKIN PARK Numb Türkçe Çeviri","linkin-park-numb-turkce-ceviri","https://www.acupoflyrics.com/linkin-park-numb-turkce-ceviri/","youtube_missing","youtubeUrl alanı boş"
"3418","JENNIE","Mantra","JENNIE Mantra Türkçe Çeviri","jennie-mantra-turkce-ceviri","https://www.acupoflyrics.com/jennie-mantra-turkce-ceviri/","youtube_missing","youtubeUrl alanı boş"
"3415","Slimane","Mon Amour","Slimane Mon Amour Türkçe Çeviri","slimane-mon-amour-turkce-ceviri","https://www.acupoflyrics.com/slimane-mon-amour-turkce-ceviri/","youtube_missing","youtubeUrl alanı boş"
"3410","Billie Eilish","The Greatest","Billie Eilish The Greatest Türkçe Çeviri","billie-eilish-the-greatest-turkce-ceviri","https://www.acupoflyrics.com/billie-eilish-the-greatest-turkce-ceviri/","youtube_missing","youtubeUrl alanı boş"
"3407","LISA","Moonlit Floor","LISA Moonlit Floor Türkçe Çeviri","lisa-moonlit-floor-turkce-ceviri","https://www.acupoflyrics.com/lisa-moonlit-floor-turkce-ceviri/","youtube_missing","youtubeUrl alanı boş"
"3400","J.Cole","JCole She Knows","JCole She Knows Türkçe Çeviri","jcole-she-knows-turkce-ceviri","https://www.acupoflyrics.com/jcole-she-knows-turkce-ceviri/","youtube_missing","youtubeUrl alanı boş"
"3393","CKay","In My Bed","CKay In My Bed Türkçe Çeviri","ckay-in-my-bed-turkce-ceviri","https://www.acupoflyrics.com/ckay-in-my-bed-turkce-ceviri/","youtube_missing","youtubeUrl alanı boş"
"3388","JADE","Midnight Cowboy","JADE Midnight Cowboy Türkçe Çeviri","jade-midnight-cowboy-turkce-ceviri","https://www.acupoflyrics.com/jade-midnight-cowboy-turkce-ceviri/","youtube_missing","youtubeUrl alanı boş"
"3383","The Weeknd","Playboi Carti Timeless","The Weeknd Playboi Carti Timeless Türkçe Çeviri","the-weeknd-playboi-carti-timeless-turkce-ceviri","https://www.acupoflyrics.com/the-weeknd-playboi-carti-timeless-turkce-ceviri/","youtube_missing","youtubeUrl alanı boş"
"3377","Justin Bieber","benny blanco Lonely","Justin Bieber benny blanco Lonely Türkçe Çeviri","justin-bieber-benny-blanco-lonely-turkce-ceviri","https://www.acupoflyrics.com/justin-bieber-benny-blanco-lonely-turkce-ceviri/","youtube_missing","youtubeUrl alanı boş"
"3373","Justin Bieber","Yummy","Justin Bieber Yummy Türkçe Çeviri","justin-bieber-yummy-turkce-ceviri","https://www.acupoflyrics.com/justin-bieber-yummy-turkce-ceviri/","youtube_missing","youtubeUrl alanı boş"
"3367","One Direction","Story Of My Life","One Direction Story Of My Life Türkçe Çeviri","one-direction-story-of-my-life-turkce-ceviri","https://www.acupoflyrics.com/one-direction-story-of-my-life-turkce-ceviri/","youtube_missing","youtubeUrl alanı boş"
"3362","Monsta X","You Can't Hold My Heart","Monsta X You Can't Hold My Heart Türkçe Çeviri","monsta-x-you-cant-hold-my-heart-turkce-ceviri","https://www.acupoflyrics.com/monsta-x-you-cant-hold-my-heart-turkce-ceviri/","youtube_missing","youtubeUrl alanı boş"
"3357","Ariana Grande","The Weeknd Love Me Harder","Ariana Grande The Weeknd Love Me Harder Türkçe Çeviri","ariana-grande-the-weeknd-love-me-harder-turkce-ceviri","https://www.acupoflyrics.com/ariana-grande-the-weeknd-love-me-harder-turkce-ceviri/","youtube_missing","youtubeUrl alanı boş"
"3353","ZAYN","Sia Dusk Till Dawn","ZAYN Sia Dusk Till Dawn Türkçe Çeviri","zayn-sia-dusk-till-dawn-turkce-ceviri","https://www.acupoflyrics.com/zayn-sia-dusk-till-dawn-turkce-ceviri/","youtube_missing","youtubeUrl alanı boş"
"3344","Shawn Mendes","Camila Cabello Senorita","Shawn Mendes Camila Cabello Senorita Türkçe Çeviri","shawn-mendes-camila-cabello-senorita-turkce-ceviri","https://www.acupoflyrics.com/shawn-mendes-camila-cabello-senorita-turkce-ceviri/","youtube_missing","youtubeUrl alanı boş"
"3338","Justin Timberlake","Mirrors","Justin Timberlake Mirrors Türkçe Çeviri","justin-timberlake-mirrors-turkce-ceviri","https://www.acupoflyrics.com/justin-timberlake-mirrors-turkce-ceviri/","youtube_missing","youtubeUrl alanı boş"
"3333","YEONJUN","GGUM","YEONJUN GGUM Türkçe Çeviri","yeonjun-ggum-turkce-ceviri","https://www.acupoflyrics.com/yeonjun-ggum-turkce-ceviri/","youtube_missing","youtubeUrl alanı boş"
"3320","HWASA","NA","HWASA NA Türkçe Çeviri","hwasa-na-turkce-ceviri","https://www.acupoflyrics.com/hwasa-na-turkce-ceviri/","youtube_missing","youtubeUrl alanı boş"
"3315","Chappell Roan","Good Luck Babe!","Chappell Roan Good Luck Babe! Türkçe Çeviri","chappell-roan-good-luck-babe-turkce-ceviri","https://www.acupoflyrics.com/chappell-roan-good-luck-babe-turkce-ceviri/","youtube_missing","youtubeUrl alanı boş"
"3307","BTS","Fire","BTS Fire Türkçe Çeviri","bts-fire-turkce-ceviri","https://www.acupoflyrics.com/bts-fire-turkce-ceviri/","youtube_missing","youtubeUrl alanı boş"
"3299","Tate Mcrae","It's ok I'm ok","Tate Mcrae It's ok I'm ok Türkçe Çeviri","tate-mcrae-its-ok-im-ok-turkce-ceviri","https://www.acupoflyrics.com/tate-mcrae-its-ok-im-ok-turkce-ceviri/","youtube_missing","youtubeUrl alanı boş"
"3293","The Weeknd","JENNIE Lily Rose Depp One Of The Girls","The Weeknd JENNIE Lily Rose Depp One Of The Girls Türkçe Çeviri","the-weeknd-jennie-lily-rose-depp-one-of-the-girls-turkce-ceviri","https://www.acupoflyrics.com/the-weeknd-jennie-lily-rose-depp-one-of-the-girls-turkce-ceviri/","youtube_missing","youtubeUrl alanı boş"
"3282","Charli XCX","Troye Sivan Talk Talk","Charli xcx Troye Sivan Talk Talk Türkçe Çeviri","charli-xcx-troye-sivan-talk-talk-turkce-ceviri","https://www.acupoflyrics.com/charli-xcx-troye-sivan-talk-talk-turkce-ceviri/","youtube_missing","youtubeUrl alanı boş"
"3277","Katy Perry","Kanye West E.T.","Katy Perry Kanye West E.T. Türkçe Çeviri","katy-perry-kanye-west-et-turkce-ceviri","https://www.acupoflyrics.com/katy-perry-kanye-west-et-turkce-ceviri/","youtube_missing","youtubeUrl alanı boş"
"3270","Katy Perry","Doechii I'M HIS, HE'S MINE","Katy Perry Doechii I'M HIS, HE'S MINE ","katy-perry-doechii-im-his-hes-mine","https://www.acupoflyrics.com/katy-perry-doechii-im-his-hes-mine/","youtube_missing","youtubeUrl alanı boş"
"3261","The Weeknd","Dancing In The Flames","The Weeknd Dancing In The Flames Türkçe Çeviri","the-weeknd-dancing-in-the-flames-turkce-ceviri","https://www.acupoflyrics.com/the-weeknd-dancing-in-the-flames-turkce-ceviri/","youtube_missing","youtubeUrl alanı boş"
"3248","RAYE","070 Shake Escapism","RAYE 070 Shake Escapism Türkçe Çeviri","raye-070-shake-escapism-turkce-ceviri","https://www.acupoflyrics.com/raye-070-shake-escapism-turkce-ceviri/","youtube_missing","youtubeUrl alanı boş"
"3242","The Weeknd","Kendrick Lamar Pray For Me","The Weeknd Kendrick Lamar Pray For Me Türkçe Çeviri","the-weeknd-kendrick-lamar-pray-for-me-turkce-ceviri","https://www.acupoflyrics.com/the-weeknd-kendrick-lamar-pray-for-me-turkce-ceviri/","youtube_missing","youtubeUrl alanı boş"
"3213","Megan Thee Stallion","RM Neva Play","Megan Thee Stallion RM Neva Play Türkçe Çeviri","megan-thee-stallion-rm-neva-play-turkce-ceviri","https://www.acupoflyrics.com/megan-thee-stallion-rm-neva-play-turkce-ceviri/","youtube_missing","youtubeUrl alanı boş"
"3207","abouTZU","TZUYU Run Away","TZUYU Run Away Türkçe Çeviri","tzuyu-run-away-turkce-ceviri","https://www.acupoflyrics.com/tzuyu-run-away-turkce-ceviri/","youtube_missing","youtubeUrl alanı boş"
"3200","Hello, World","BAEKHYUN Pineapple Slice","BAEKHYUN Pineapple Slice Türkçe Çeviri","baekhyun-pineapple-slice-turkce-ceviri","https://www.acupoflyrics.com/baekhyun-pineapple-slice-turkce-ceviri/","youtube_missing","youtubeUrl alanı boş"
"3194","MEOVV","MEOW","MEOVV MEOW Türkçe Çeviri","meovv-meow-turkce-ceviri","https://www.acupoflyrics.com/meovv-meow-turkce-ceviri/","youtube_missing","youtubeUrl alanı boş"
"3186","XG","Woke Up","XG Woke Up Türkçe Çeviri","xg-woke-up-turkce-ceviri","https://www.acupoflyrics.com/xg-woke-up-turkce-ceviri/","youtube_missing","youtubeUrl alanı boş"
"3179","LP","Lost On You","LP Lost On You Türkçe Çeviri","lp-lost-on-you-turkce-ceviri","https://www.acupoflyrics.com/lp-lost-on-you-turkce-ceviri/","youtube_missing","youtubeUrl alanı boş"
"3170","Coldplay","Little Simz Burna Boy Elyanna TINI We Pray","Coldplay Little Simz Burna Boy Elyanna TINI We Pray Türkçe Çeviri","coldplay-little-simz-burna-boy-elyanna-tini-we-pray-turkce-ceviri","https://www.acupoflyrics.com/coldplay-little-simz-burna-boy-elyanna-tini-we-pray-turkce-ceviri/","youtube_missing","youtubeUrl alanı boş"
"3165","BTS","Jungkook Somebody","Jungkook Somebody Türkçe Çeviri","jungkook-somebody-turkce-ceviri","https://www.acupoflyrics.com/jungkook-somebody-turkce-ceviri/","youtube_missing","youtubeUrl alanı boş"
"3159","Lana Del Rey","Chemtrails Over The Country Club","Lana Del Rey Chemtrails Over The Country Club Türkçe Çeviri","lana-del-rey-chemtrails-over-the-country-club-turkce-ceviri","https://www.acupoflyrics.com/lana-del-rey-chemtrails-over-the-country-club-turkce-ceviri/","youtube_missing","youtubeUrl alanı boş"
"3150","LE SSERAFIM","Crazier","LE SSERAFIM Crazier Türkçe Çeviri","le-sserafim-crazier-turkce-ceviri","https://www.acupoflyrics.com/le-sserafim-crazier-turkce-ceviri/","youtube_missing","youtubeUrl alanı boş"
"3133","LE SSERAFIM","1-800-hot-n-fun","LE SSERAFIM 1-800-hot-n-fun Türkçe Çeviri","le-sserafim-1-800-hot-n-fun-turkce-ceviri","https://www.acupoflyrics.com/le-sserafim-1-800-hot-n-fun-turkce-ceviri/","youtube_missing","youtubeUrl alanı boş"
"3129","LE SSERAFIM","Pierrot","LE SSERAFIM Pierrot Türkçe Çeviri","le-sserafim-pierrot-turkce-ceviri","https://www.acupoflyrics.com/le-sserafim-pierrot-turkce-ceviri/","youtube_missing","youtubeUrl alanı boş"
"3122","LE SSERAFIM","Chasing Lightning","LE SSERAFIM Chasing Lightning Türkçe Çeviri","le-sserafim-chasing-lightning-turkce-ceviri","https://www.acupoflyrics.com/le-sserafim-chasing-lightning-turkce-ceviri/","youtube_missing","youtubeUrl alanı boş"
"3112","WOOSUNG","Day That I Died","WOOSUNG Day That I Died Türkçe Çeviri","woosung-day-that-i-died-turkce-ceviri","https://www.acupoflyrics.com/woosung-day-that-i-died-turkce-ceviri/","youtube_missing","youtubeUrl alanı boş"
"3097","Black Out","CHANYEOL Clover","CHANYEOL Clover Türkçe Çeviri","chanyeol-clover-turkce-ceviri","https://www.acupoflyrics.com/chanyeol-clover-turkce-ceviri/","youtube_missing","youtubeUrl alanı boş"
"3093","Black Out","CHANYEOL I'm On Your Side Too","CHANYEOL I'm On Your Side Too Türkçe Çeviri","chanyeol-im-on-your-side-too-turkce-ceviri","https://www.acupoflyrics.com/chanyeol-im-on-your-side-too-turkce-ceviri/","youtube_missing","youtubeUrl alanı boş"
"3084","Sam Smith","Taeyeon I'm Not The Only One","Sam Smith Taeyeon I'm Not The Only One Türkçe Çeviri","sam-smith-taeyeon-im-not-the-only-one-turkce-ceviri","https://www.acupoflyrics.com/sam-smith-taeyeon-im-not-the-only-one-turkce-ceviri/","youtube_missing","youtubeUrl alanı boş"
"3080","Black Out","CHANYEOL Back Again","CHANYEOL Back Again Türkçe Çeviri","chanyeol-back-again-turkce-ceviri","https://www.acupoflyrics.com/chanyeol-back-again-turkce-ceviri/","youtube_missing","youtubeUrl alanı boş"
"3074","Black Out","CHANYEOL Ease Up","CHANYEOL Ease Up Türkçe Çeviri","chanyeol-ease-up-turkce-ceviri","https://www.acupoflyrics.com/chanyeol-ease-up-turkce-ceviri/","youtube_missing","youtubeUrl alanı boş"
"3069","Black Out","CHANYEOL Hasta La Vista","CHANYEOL Hasta La Vista Türkçe Çeviri","chanyeol-hasta-la-vista-turkce-ceviri","https://www.acupoflyrics.com/chanyeol-hasta-la-vista-turkce-ceviri/","youtube_missing","youtubeUrl alanı boş"
"3061","B.I","BI Soulja Boy BTBT ft DeVita","BI Soulja Boy BTBT ft DeVita Türkçe Çeviri","bi-soulja-boy-btbt-ft-devita-turkce-ceviri","https://www.acupoflyrics.com/bi-soulja-boy-btbt-ft-devita-turkce-ceviri/","youtube_missing","youtubeUrl alanı boş"
"3055","CHUNG HA","Algorithm","CHUNG HA Algorithm Türkçe Çeviri","chung-ha-algorithm-turkce-ceviri","https://www.acupoflyrics.com/chung-ha-algorithm-turkce-ceviri/","youtube_missing","youtubeUrl alanı boş"
"3045","Billie Eilish","WILDFLOWER","Billie Eilish WILDFLOWER Türkçe Çeviri","billie-eilish-wildflower-turkce-ceviri","https://www.acupoflyrics.com/billie-eilish-wildflower-turkce-ceviri/","youtube_missing","youtubeUrl alanı boş"
"3040","AYLIVA","Nein!","Ayliva Nein! Türkçe Çeviri","ayliva-nein-turkce-ceviri","https://www.acupoflyrics.com/ayliva-nein-turkce-ceviri/","youtube_missing","youtubeUrl alanı boş"
"3035","LE SSERAFIM","Crazy","LE SSERAFIM Crazy Türkçe Çeviri","le-sserafim-crazy-turkce-ceviri","https://www.acupoflyrics.com/le-sserafim-crazy-turkce-ceviri/","youtube_missing","youtubeUrl alanı boş"
"3026","Black Out","CHANYEOL Black Out","CHANYEOL Black Out Türkçe Çeviri","chanyeol-black-out-turkce-ceviri","https://www.acupoflyrics.com/chanyeol-black-out-turkce-ceviri/","youtube_missing","youtubeUrl alanı boş"
"3016","Ariana Grande","One Last Time","Ariana Grande One Last Time Türkçe Çeviri","ariana-grande-one-last-time-turkce-ceviri","https://www.acupoflyrics.com/ariana-grande-one-last-time-turkce-ceviri/","youtube_missing","youtubeUrl alanı boş"
"3010","Zara Larsson","Clean Bandit Zara Larsson Symphony","Clean Bandit Zara Larsson Symphony Türkçe Çeviri","clean-bandit-zara-larsson-symphony-turkce-ceviri","https://www.acupoflyrics.com/clean-bandit-zara-larsson-symphony-turkce-ceviri/","youtube_missing","youtubeUrl alanı boş"
"3005","*NSYNC","Bye Bye Bye","*NSYNC Bye Bye Bye Türkçe Çeviri","nsync-bye-bye-bye-turkce-ceviri","https://www.acupoflyrics.com/nsync-bye-bye-bye-turkce-ceviri/","youtube_missing","youtubeUrl alanı boş"
"2997","Ariana Grande","God Is A Woman","Ariana Grande God Is A Woman Türkçe Çeviri","ariana-grande-god-is-a-woman-turkce-ceviri","https://www.acupoflyrics.com/ariana-grande-god-is-a-woman-turkce-ceviri/","youtube_missing","youtubeUrl alanı boş"
"2989","Agust D","The Last","Agust D The Last Türkçe Çeviri","agust-d-the-last-turkce-ceviri","https://www.acupoflyrics.com/agust-d-the-last-turkce-ceviri/","youtube_missing","youtubeUrl alanı boş"
"2976","Sabrina Carpenter","Please Please Please","Sabrina Carpenter Please Please Please Türkçe Çeviri","sabrina-carpenter-please-please-please-turkce-ceviri","https://www.acupoflyrics.com/sabrina-carpenter-please-please-please-turkce-ceviri/","youtube_missing","youtubeUrl alanı boş"
"2970","Chase Atlantic","DIE FOR ME","Chase Atlantic DIE FOR ME Türkçe Çeviri","chase-atlantic-die-for-me-turkce-ceviri","https://www.acupoflyrics.com/chase-atlantic-die-for-me-turkce-ceviri/","youtube_missing","youtubeUrl alanı boş"
"2962","NCT DREAM","Rains in Heaven","NCT DREAM Rains in Heaven Türkçe Çeviri","nct-dream-rains-in-heaven-turkce-ceviri","https://www.acupoflyrics.com/nct-dream-rains-in-heaven-turkce-ceviri/","youtube_missing","youtubeUrl alanı boş"
"2957","Sabrina Carpenter","Good Graces","Sabrina Carpenter Good Graces Türkçe Çeviri","sabrina-carpenter-good-graces-turkce-ceviri","https://www.acupoflyrics.com/sabrina-carpenter-good-graces-turkce-ceviri/","youtube_missing","youtubeUrl alanı boş"
"2948","Sabrina Carpenter","Taste","Sabrina Carpenter Taste Türkçe Çeviri","sabrina-carpenter-taste-turkce-ceviri","https://www.acupoflyrics.com/sabrina-carpenter-taste-turkce-ceviri/","youtube_missing","youtubeUrl alanı boş"
"2938","Rihanna","Man Down","Rihanna Man Down Türkçe Çeviri","rihanna-man-down-turkce-ceviri","https://www.acupoflyrics.com/rihanna-man-down-turkce-ceviri/","youtube_missing","youtubeUrl alanı boş"
"2929","BTS","Cypher Pt4","BTS Cypher Pt4 Türkçe Çeviri","bts-cypher-pt4-turkce-ceviri","https://www.acupoflyrics.com/bts-cypher-pt4-turkce-ceviri/","youtube_missing","youtubeUrl alanı boş"
"2916","BTS","Cypher Pt3","BTS Cypher Pt3 Türkçe Çeviri","bts-cypher-pt3-turkce-ceviri","https://www.acupoflyrics.com/bts-cypher-pt3-turkce-ceviri/","youtube_missing","youtubeUrl alanı boş"
"2903","Taylor Swift","I Can Do It With a Broken Heart","Taylor Swift I Can Do It With a Broken Heart Türkçe Çeviri","taylor-swift-i-can-do-it-with-a-broken-heart-turkce-ceviri","https://www.acupoflyrics.com/taylor-swift-i-can-do-it-with-a-broken-heart-turkce-ceviri/","youtube_missing","youtubeUrl alanı boş"
"2895","Bayanni","Jason Derulo Ta Ta Ta Remix","Bayanni Jason Derulo Ta Ta Ta Remix Türkçe Çeviri","bayanni-jason-derulo-ta-ta-ta-remix-turkce-ceviri","https://www.acupoflyrics.com/bayanni-jason-derulo-ta-ta-ta-remix-turkce-ceviri/","youtube_missing","youtubeUrl alanı boş"
"2883","BTS","Cypher Pt2","BTS Cypher Pt2 Türkçe Çeviri","bts-cypher-pt2-turkce-ceviri","https://www.acupoflyrics.com/bts-cypher-pt2-turkce-ceviri/","youtube_missing","youtubeUrl alanı boş"
"2877","BTS","Cypher Pt1","BTS Cypher Pt1 Türkçe Çeviri","bts-cypher-pt1-turkce-ceviri","https://www.acupoflyrics.com/bts-cypher-pt1-turkce-ceviri/","youtube_missing","youtubeUrl alanı boş"
"2863","Jordan Adetunji","Kehlani KEHLANI Remix","Jordan Adetunji Kehlani KEHLANI Remix Türkçe Çeviri","jordan-adetunji-kehlani-kehlani-remix-turkce-ceviri","https://www.acupoflyrics.com/jordan-adetunji-kehlani-kehlani-remix-turkce-ceviri/","youtube_missing","youtubeUrl alanı boş"
"2853","Bebe Rexha","I'm The Drama","Bebe Rexha I'm The Drama Türkçe Çeviri","bebe-rexha-im-the-drama-turkce-ceviri","https://www.acupoflyrics.com/bebe-rexha-im-the-drama-turkce-ceviri/","youtube_missing","youtubeUrl alanı boş"
"2846","NMIXX","See That?","NMIXX See That? Türkçe Çeviri","nmixx-see-that-turkce-ceviri","https://www.acupoflyrics.com/nmixx-see-that-turkce-ceviri/","youtube_missing","youtubeUrl alanı boş"
"2836","Zara Larsson","Aint My Fault","Zara Larsson Aint My Fault Türkçe Çeviri","zara-larsson-aint-my-fault-turkce-ceviri","https://www.acupoflyrics.com/zara-larsson-aint-my-fault-turkce-ceviri/","youtube_missing","youtubeUrl alanı boş"
"2822","Kendrick Lamar","Rihanna LOYALTY","Kendrick Lamar Rihanna LOYALTY Türkçe Çeviri","kendrick-lamar-rihanna-loyalty-turkce-ceviri","https://www.acupoflyrics.com/kendrick-lamar-rihanna-loyalty-turkce-ceviri/","youtube_missing","youtubeUrl alanı boş"
"2812","Lady Gaga","Bruno Mars Die With A Smile","Lady Gaga Bruno Mars Die With A Smile Türkçe Çeviri","lady-gaga-bruno-mars-die-with-a-smile-turkce-ceviri","https://www.acupoflyrics.com/lady-gaga-bruno-mars-die-with-a-smile-turkce-ceviri/","youtube_missing","youtubeUrl alanı boş"
"2790","SZA","Low","SZA Low Türkçe Çeviri","sza-low-turkce-ceviri","https://www.acupoflyrics.com/sza-low-turkce-ceviri/","youtube_missing","youtubeUrl alanı boş"
"2774","NF","Cordae CAREFUL","NF Cordae CAREFUL Türkçe Çeviri","nf-cordae-careful-turkce-ceviri","https://www.acupoflyrics.com/nf-cordae-careful-turkce-ceviri/","youtube_missing","youtubeUrl alanı boş"
"2751","Billie Eilish","BIRDS OF A FEATHER","Billie Eilish BIRDS OF A FEATHER Türkçe Çeviri","billie-eilish-birds-of-a-feather-turkce-ceviri","https://www.acupoflyrics.com/billie-eilish-birds-of-a-feather-turkce-ceviri/","youtube_missing","youtubeUrl alanı boş"
"2746","LISA","ROSALÍA New Woman","LISA ROSALÍA New Woman Türkçe çeviri","lisa-rosalia-new-woman-turkce-ceviri","https://www.acupoflyrics.com/lisa-rosalia-new-woman-turkce-ceviri/","youtube_missing","youtubeUrl alanı boş"
"2736","KARD","Where To Now","KARD Where To Now Türkçe Çeviri","kard-where-to-now-turkce-ceviri","https://www.acupoflyrics.com/kard-where-to-now-turkce-ceviri/","youtube_missing","youtubeUrl alanı boş"
"2730","ADELE","Love In The Dark","Adele Love In The Dark Türkçe Çeviri","adele-love-in-the-dark-turkce-ceviri","https://www.acupoflyrics.com/adele-love-in-the-dark-turkce-ceviri/","youtube_missing","youtubeUrl alanı boş"
"2722","Teddy Swims","The Door","Teddy Swims The Door Türkçe Çeviri","teddy-swims-the-door-turkce-ceviri","https://www.acupoflyrics.com/teddy-swims-the-door-turkce-ceviri/","youtube_missing","youtubeUrl alanı boş"
"2694","Aespa","KARINA UP Türkçe Çeviri (Yayınlanmamış Şarkı)","KARINA UP Türkçe Çeviri (Yayınlanmamış Şarkı)","karina-up-turkce-ceviri-yayinlanmamis-sarki","https://www.acupoflyrics.com/karina-up-turkce-ceviri-yayinlanmamis-sarki/","youtube_missing","youtubeUrl alanı boş"
"2688","LISA","Rockstar","LISA Rockstar Türkçe Çeviri","lisa-rockstar-turkce-ceviri","https://www.acupoflyrics.com/lisa-rockstar-turkce-ceviri/","youtube_missing","youtubeUrl alanı boş"
"2673","AYLIVA","APACHE 207 Wunder","AYLIVA APACHE 207 Wunder Türkçe Çeviri","ayliva-apache-207-wunder-turkce-ceviri","https://www.acupoflyrics.com/ayliva-apache-207-wunder-turkce-ceviri/","youtube_missing","youtubeUrl alanı boş"
"2664","Stray Kids","Chk Chk Boom","Stray Kids Chk Chk Boom Türkçe Çeviri","stray-kids-chk-chk-boom-turkce-ceviri","https://www.acupoflyrics.com/stray-kids-chk-chk-boom-turkce-ceviri/","youtube_missing","youtubeUrl alanı boş"
"2404","Shawn Mendes","Why Why Why","Shawn Mendes Why Why Why Türkçe Çeviri","shawn-mendes-why-why-why-turkce-ceviri","https://www.acupoflyrics.com/shawn-mendes-why-why-why-turkce-ceviri/","youtube_missing","youtubeUrl alanı boş"
"2364","Katy Perry","Lifetimes","Katy Perry Lifetimes Türkçe Çeviri","katy-perry-lifetimes-turkce-ceviri","https://www.acupoflyrics.com/katy-perry-lifetimes-turkce-ceviri/","youtube_missing","youtubeUrl alanı boş"
"2351","BTS","Jung Kook Too Sad To Dance","Jung Kook Too Sad To Dance Türkçe Çeviri","jung-kook-too-sad-to-dance-turkce-ceviri","https://www.acupoflyrics.com/jung-kook-too-sad-to-dance-turkce-ceviri/","youtube_missing","youtubeUrl alanı boş"
"2312","Charli XCX","ft Billie Eilish Guess","Charli XCX ft Billie Eilish Guess Türkçe Çeviri","charli-xcx-ft-billie-eilish-guess-turkce-ceviri","https://www.acupoflyrics.com/charli-xcx-ft-billie-eilish-guess-turkce-ceviri/","youtube_missing","youtubeUrl alanı boş"
"2302","Sabrina Carpenter","Espresso","Sabrina Carpenter Espresso Türkçe Çeviri","sabrina-carpenter-espresso-turkce-ceviri","https://www.acupoflyrics.com/sabrina-carpenter-espresso-turkce-ceviri/","youtube_missing","youtubeUrl alanı boş"
"293","BTS","Jimin Who","Jimin Who Türkçe Çeviri","jimin-who-turkce-ceviri","https://www.acupoflyrics.com/jimin-who-turkce-ceviri/","youtube_missing","youtubeUrl alanı boş"
"4692","Harry Styles","Matilda","Harry Styles Matilda Türkçe Çeviri","harry-styles-matilda-turkce-ceviri","https://www.acupoflyrics.com/harry-styles-matilda-turkce-ceviri/","youtube_missing","youtubeUrl alanı boş"
